return_id,sales_id,date_id,customer_id,product_id,return_quantity,return_reason,refund_amount
1,18064,20240127,415,11,2,Customer Changed Mind,137077.46
2,41919,20221031,168,401,2,Size Issue,130280.3
3,4605,20220906,922,45,2,Quality Issues,153135.34
4,3246,20241210,788,319,6,Size Issue,65870.48
5,41925,20220501,688,464,1,Quality Issues,37896.78
6,2208,20221103,497,336,1,Quality Issues,41136.24
7,5189,20221128,649,179,2,Customer Changed Mind,128726.05
8,1920,20240629,915,422,1,Size Issue,10495.83
9,30801,20221024,573,188,1,Wrong Item Delivered,93598.1
10,42001,20240412,909,11,2,Size Issue,149563.86
11,4624,20220311,404,487,1,Wrong Item Delivered,26441.93
12,37056,20240106,382,182,1,Defective Product,89716.52
13,9346,20230709,646,23,1,Quality Issues,63927.11
14,28277,20220810,369,96,2,Customer Changed Mind,98548.58
15,46985,20221008,589,409,1,Wrong Item Delivered,46217.68
16,5505,20230106,469,363,6,Quality Issues,375584.88
17,30574,20231124,383,408,1,Customer Changed Mind,76375.31
18,12291,20221104,180,2,1,Damaged in Transit,84207.93
19,31018,20240227,665,236,7,Damaged in Transit,425968.58
20,30402,20221112,831,23,7,Quality Issues,437433.2
21,46652,20240511,774,354,1,Damaged in Transit,5043.54
22,33578,20240315,958,47,8,Wrong Item Delivered,45825.02
23,18747,20221210,358,299,1,Customer Changed Mind,74359.33
24,27771,20231201,430,299,1,Defective Product,75752.5
25,24089,20241107,98,188,1,Quality Issues,90939.08
26,4663,20231205,171,299,3,Defective Product,246559.2
27,40456,20221006,598,23,7,Wrong Item Delivered,456019.41
28,33311,20220201,446,299,2,Size Issue,148219.71
29,9463,20221102,378,34,1,Damaged in Transit,52469.7
30,7771,20241106,672,385,2,Customer Changed Mind,3067.07
31,24981,20231030,370,496,1,Defective Product,82830.83
32,43339,20240908,848,235,2,Damaged in Transit,140738.41
33,30741,20221203,998,328,2,Defective Product,144198.09
34,19997,20220816,458,353,1,Size Issue,5117.4
35,28304,20240324,572,325,2,Size Issue,140979.71
36,30951,20221008,734,97,2,Customer Changed Mind,88524.96
37,15003,20220104,428,154,2,Damaged in Transit,43441.51
38,12317,20220820,450,192,2,Quality Issues,25869.28
39,46166,20221125,261,142,2,Size Issue,156362.3
40,21814,20241215,667,154,4,Size Issue,83916.76
41,36824,20230617,277,184,1,Customer Changed Mind,71701.96
42,6957,20240911,306,251,1,Damaged in Transit,78906.24
43,10075,20231112,86,209,6,Size Issue,99761.31
44,42814,20241208,223,133,1,Damaged in Transit,10026.24
45,23173,20221025,573,70,1,Quality Issues,76884.03
46,10479,20221117,132,74,2,Customer Changed Mind,158900.6
47,46669,20240810,206,129,1,Quality Issues,66416.73
48,35239,20240211,263,490,2,Wrong Item Delivered,160499.39
49,28355,20221220,357,183,2,Quality Issues,94168.31
50,11312,20220129,637,25,1,Defective Product,89685.82
51,13204,20241107,544,97,2,Customer Changed Mind,89731.47
52,45500,20221025,42,283,1,Defective Product,33000.1
53,29672,20241014,898,436,1,Quality Issues,31960.39
54,43819,20240109,599,474,3,Customer Changed Mind,249647.0
55,41634,20221003,426,393,7,Customer Changed Mind,209886.31
56,48567,20241231,810,46,1,Customer Changed Mind,29228.26
57,48492,20240729,612,220,1,Wrong Item Delivered,33132.29
58,78,20231028,694,127,5,Size Issue,37720.8
59,49433,20230430,466,63,1,Damaged in Transit,39422.02
60,4813,20240903,17,6,1,Wrong Item Delivered,57552.24
61,34674,20231212,444,403,1,Damaged in Transit,56485.62
62,1360,20240304,502,11,1,Quality Issues,66363.29
63,29802,20230415,422,100,2,Customer Changed Mind,80423.57
64,24194,20231010,947,269,3,Size Issue,216034.83
65,25881,20240913,67,154,2,Customer Changed Mind,42943.01
66,43789,20241123,135,8,1,Defective Product,71185.57
67,24702,20231002,931,332,1,Quality Issues,58330.65
68,37361,20221217,34,292,2,Quality Issues,154180.86
69,12597,20240430,975,230,4,Customer Changed Mind,249600.18
70,39253,20220130,514,105,2,Defective Product,195033.87
71,4888,20230422,200,299,7,Defective Product,528349.31
72,18857,20241026,907,373,2,Customer Changed Mind,81783.92
73,934,20221118,540,244,1,Damaged in Transit,68143.69
74,12630,20221207,304,236,3,Damaged in Transit,177132.05
75,20256,20220102,659,461,2,Size Issue,98262.96
76,2020,20221005,562,291,1,Quality Issues,43577.64
77,1217,20231026,679,20,1,Customer Changed Mind,54451.88
78,44028,20241115,74,122,1,Size Issue,20416.4
79,19391,20231217,257,490,2,Size Issue,183214.03
80,17458,20241206,773,372,1,Wrong Item Delivered,55703.16
81,38748,20221109,270,204,2,Damaged in Transit,18447.26
82,34464,20241114,55,183,1,Quality Issues,45470.39
83,29905,20230311,108,55,1,Wrong Item Delivered,42315.62
84,37402,20241007,422,298,1,Customer Changed Mind,46043.03
85,43183,20231002,551,154,1,Defective Product,24691.74
86,32938,20220127,600,150,1,Size Issue,15723.55
87,46430,20240203,829,372,2,Damaged in Transit,114200.46
88,39330,20220903,274,314,2,Damaged in Transit,90004.12
89,31995,20221019,97,163,2,Quality Issues,16958.63
90,39794,20221104,573,477,4,Size Issue,56935.31
91,7197,20221120,382,167,1,Defective Product,23019.86
92,14837,20221115,548,296,1,Quality Issues,85200.21
93,24644,20230219,279,285,1,Damaged in Transit,34270.51
94,1442,20221019,190,255,1,Damaged in Transit,51438.77
95,13559,20230128,759,256,3,Wrong Item Delivered,167185.36
96,6159,20220703,680,47,4,Size Issue,22703.57
97,46528,20221214,465,73,2,Damaged in Transit,55270.42
98,1313,20230105,277,403,5,Wrong Item Delivered,304596.23
99,24855,20241217,16,48,2,Wrong Item Delivered,164324.87
100,12234,20220427,752,490,2,Quality Issues,165366.65
101,22519,20241226,205,291,1,Customer Changed Mind,42758.56
102,16919,20221009,485,70,1,Wrong Item Delivered,73866.41
103,3962,20221229,924,453,1,Customer Changed Mind,43392.35
104,38942,20240917,200,250,1,Damaged in Transit,1001.56
105,47845,20220319,454,459,1,Customer Changed Mind,77786.01
106,23671,20221201,672,97,2,Wrong Item Delivered,88892.14
107,2267,20231215,542,258,1,Wrong Item Delivered,79602.48
108,49123,20220527,361,97,4,Customer Changed Mind,177351.74
109,34803,20231104,135,53,1,Damaged in Transit,83399.1
110,39228,20241224,837,234,2,Wrong Item Delivered,51646.11
111,35575,20221119,565,300,1,Wrong Item Delivered,79436.79
112,32050,20221027,526,130,4,Size Issue,67147.55
113,35214,20230130,290,329,1,Size Issue,37946.05
114,47659,20240622,771,445,4,Wrong Item Delivered,187061.44
115,45858,20231016,168,51,2,Wrong Item Delivered,116153.94
116,37358,20220625,433,240,2,Wrong Item Delivered,95013.91
117,9488,20230429,492,108,1,Customer Changed Mind,27574.64
118,26779,20220304,787,112,1,Defective Product,66836.14
119,8960,20220924,235,235,1,Wrong Item Delivered,69851.87
120,34260,20231107,491,234,1,Quality Issues,25742.53
121,12253,20230524,135,185,2,Customer Changed Mind,119898.78
122,23999,20241001,832,129,1,Damaged in Transit,64955.39
123,33972,20220708,788,282,1,Defective Product,38558.12
124,26195,20231005,297,115,3,Quality Issues,151081.94
125,28016,20220604,903,477,1,Wrong Item Delivered,14578.07
126,32602,20230207,266,131,1,Customer Changed Mind,90721.99
127,39098,20240626,402,89,1,Customer Changed Mind,75841.71
128,7614,20230105,325,73,1,Damaged in Transit,29070.55
129,30179,20221217,407,191,4,Size Issue,198090.31
130,28362,20221214,144,204,1,Defective Product,10469.53
131,23060,20241114,750,228,1,Damaged in Transit,23061.15
132,34512,20230729,832,337,2,Size Issue,115378.77
133,35512,20230211,257,362,1,Wrong Item Delivered,50899.36
134,32812,20241025,201,211,1,Customer Changed Mind,92300.02
135,8414,20231224,237,461,2,Customer Changed Mind,106980.84
136,21931,20230119,276,218,8,Wrong Item Delivered,147749.55
137,47867,20221117,410,497,1,Defective Product,15504.85
138,38753,20220827,9,8,1,Quality Issues,76456.28
139,31643,20240217,639,53,1,Defective Product,84784.04
140,49305,20240324,268,47,5,Quality Issues,27397.29
141,4112,20221219,533,132,1,Defective Product,74052.23
142,12506,20221107,458,474,3,Wrong Item Delivered,249525.14
143,11635,20230924,940,242,2,Defective Product,144594.68
144,8099,20231101,570,485,5,Wrong Item Delivered,160110.82
145,3696,20240721,1,265,1,Customer Changed Mind,53400.53
146,22411,20221227,124,237,1,Quality Issues,52580.9
147,7497,20240414,907,349,1,Wrong Item Delivered,26879.73
148,46744,20241014,764,199,1,Damaged in Transit,93477.04
149,45482,20240326,790,261,1,Quality Issues,35376.8
150,10719,20220127,426,363,2,Customer Changed Mind,129201.95
151,26916,20220124,589,191,1,Size Issue,51884.89
152,22437,20220618,745,161,1,Size Issue,2785.46
153,43626,20230521,378,101,1,Customer Changed Mind,33458.75
154,4096,20230205,246,204,1,Quality Issues,9237.15
155,4552,20231219,151,209,2,Defective Product,35108.99
156,35415,20230318,953,313,4,Size Issue,219889.69
157,18067,20241202,882,357,1,Customer Changed Mind,13773.77
158,29910,20230924,238,12,1,Quality Issues,29271.93
159,4170,20220314,539,490,1,Damaged in Transit,77151.32
160,39165,20240407,156,275,2,Customer Changed Mind,55031.52
161,34632,20221201,37,218,3,Damaged in Transit,55517.73
162,28075,20220106,17,342,1,Quality Issues,40429.28
163,18773,20240915,733,265,1,Size Issue,56099.91
164,1092,20221229,101,235,1,Quality Issues,73127.24
165,7227,20220829,623,477,5,Quality Issues,71763.22
166,32801,20240106,281,146,1,Customer Changed Mind,48677.16
167,1928,20231108,784,171,1,Quality Issues,14964.19
168,44433,20240330,837,363,1,Wrong Item Delivered,65727.47
169,11375,20220513,45,500,1,Size Issue,17704.38
170,5057,20221231,224,358,2,Damaged in Transit,32438.71
171,3571,20231008,684,299,2,Size Issue,156939.2
172,10873,20241020,149,102,1,Customer Changed Mind,67575.04
173,42727,20241114,441,220,1,Defective Product,40515.86
174,41232,20240913,796,450,2,Size Issue,1970.93
175,41567,20220805,123,52,3,Size Issue,176053.08
176,33616,20230906,184,309,1,Damaged in Transit,32725.93
177,40987,20221125,918,53,1,Defective Product,97756.76
178,16602,20230419,734,209,3,Size Issue,50877.93
179,12444,20230624,512,209,4,Quality Issues,62307.73
180,43000,20241119,161,362,4,Customer Changed Mind,212331.02
181,25682,20240421,398,430,1,Size Issue,45836.14
182,19316,20240527,485,325,1,Customer Changed Mind,71651.02
183,20854,20231224,218,272,2,Size Issue,160347.12
184,46962,20240825,457,467,2,Customer Changed Mind,176956.04
185,23679,20220122,126,460,1,Customer Changed Mind,15226.76
186,23197,20221231,792,58,1,Size Issue,99396.56
187,22621,20230604,126,467,1,Customer Changed Mind,84671.4
188,21506,20231008,847,6,1,Quality Issues,58866.68
189,144,20230121,982,143,2,Defective Product,96294.23
190,41178,20230722,210,442,2,Customer Changed Mind,168509.39
191,1250,20230713,384,408,1,Defective Product,73504.63
192,49735,20241103,641,346,1,Defective Product,2210.42
193,43426,20230815,118,393,5,Quality Issues,145149.43
194,43697,20240621,143,157,1,Damaged in Transit,8334.88
195,49773,20231115,767,70,1,Wrong Item Delivered,73911.86
196,29163,20221212,639,160,2,Defective Product,99371.23
197,31801,20221012,593,23,2,Damaged in Transit,128544.97
198,30021,20220604,511,222,1,Quality Issues,16940.19
199,34487,20240124,724,21,1,Damaged in Transit,10434.03
200,3693,20231113,84,393,1,Customer Changed Mind,28259.83
201,41669,20241027,915,55,2,Defective Product,83658.82
202,40331,20230723,202,213,3,Damaged in Transit,91020.41
203,19652,20231208,14,220,2,Damaged in Transit,73655.86
204,25389,20221212,79,280,1,Quality Issues,71535.92
205,13003,20231011,82,8,1,Wrong Item Delivered,73108.99
206,9848,20231119,427,122,2,Quality Issues,43582.49
207,48425,20241123,809,256,6,Size Issue,327308.73
208,49837,20221203,484,328,2,Defective Product,159844.67
209,9166,20230411,84,55,1,Defective Product,40810.69
210,8299,20231127,913,20,1,Defective Product,58158.87
211,34048,20240127,777,114,2,Size Issue,79717.96
212,6945,20230121,544,459,1,Defective Product,77932.24
213,4302,20221013,654,204,1,Damaged in Transit,9345.39
214,170,20230401,211,199,1,Wrong Item Delivered,80191.56
215,5840,20230707,599,342,1,Quality Issues,39616.67
216,26313,20230312,265,485,7,Wrong Item Delivered,228052.24
217,37721,20220723,348,299,4,Quality Issues,308353.24
218,44817,20241201,601,306,2,Defective Product,59338.56
219,32489,20240204,432,267,2,Defective Product,64295.03
220,25112,20241125,114,477,3,Damaged in Transit,43882.75
221,10134,20220523,97,50,1,Size Issue,63731.67
222,32175,20230712,921,281,1,Size Issue,82764.3
223,41210,20220911,338,23,1,Customer Changed Mind,66244.54
224,22717,20220913,813,359,1,Defective Product,27553.32
225,23274,20230903,956,204,4,Quality Issues,36679.51
226,27865,20220130,44,472,1,Wrong Item Delivered,23162.08
227,7326,20240114,663,69,2,Defective Product,145420.95
228,8391,20241205,341,109,1,Quality Issues,35357.04
229,49112,20240209,792,84,2,Customer Changed Mind,84454.15
230,19574,20240917,886,319,6,Damaged in Transit,72211.21
231,6877,20220730,130,128,1,Customer Changed Mind,83557.3
232,13811,20230218,209,336,1,Customer Changed Mind,41954.75
233,16301,20220709,3,185,2,Wrong Item Delivered,132507.55
234,34424,20231118,462,272,3,Size Issue,210290.15
235,10698,20220903,156,230,2,Customer Changed Mind,143339.55
236,37697,20221104,843,191,1,Defective Product,46357.4
237,39805,20240523,615,140,2,Quality Issues,21159.51
238,27509,20241205,414,12,1,Size Issue,26873.88
239,9182,20230528,677,361,1,Quality Issues,6083.84
240,23,20220102,298,230,4,Wrong Item Delivered,253263.22
241,32146,20241001,884,181,1,Size Issue,78199.31
242,28743,20230326,213,428,1,Damaged in Transit,75913.64
243,16307,20240130,390,185,4,Defective Product,238929.53
244,21532,20231028,334,240,1,Quality Issues,51184.63
245,35461,20240122,604,363,2,Size Issue,126450.24
246,46840,20221026,565,356,2,Wrong Item Delivered,88022.53
247,49788,20230508,265,266,1,Size Issue,84092.21
248,28819,20240115,57,429,2,Quality Issues,91780.69
249,40186,20240225,137,186,1,Customer Changed Mind,13437.73
250,30114,20230416,231,393,3,Damaged in Transit,85718.0
251,17008,20240819,644,88,2,Damaged in Transit,155767.82
252,22561,20231006,838,179,2,Size Issue,125245.0
253,39007,20230106,642,188,2,Quality Issues,167212.15
254,2570,20240518,879,60,1,Customer Changed Mind,47864.38
255,12832,20220320,155,396,1,Damaged in Transit,61452.56
256,47787,20231220,581,101,2,Wrong Item Delivered,69626.33
257,38040,20240125,288,231,2,Customer Changed Mind,180940.49
258,32254,20241021,676,143,1,Size Issue,46224.22
259,36618,20221031,177,269,3,Size Issue,213189.48
260,31779,20230729,411,308,1,Defective Product,64662.68
261,11630,20221021,309,344,1,Customer Changed Mind,85231.39
262,40627,20240128,945,164,1,Damaged in Transit,73653.46
263,31059,20230415,198,56,2,Quality Issues,100548.3
264,39149,20220919,679,356,6,Defective Product,251249.65
265,40454,20241019,881,245,1,Wrong Item Delivered,40063.06
266,42312,20241130,588,141,2,Defective Product,97189.3
267,29098,20230210,897,296,1,Quality Issues,84966.59
268,18410,20231127,835,52,1,Customer Changed Mind,58528.09
269,39669,20231231,555,47,5,Quality Issues,26909.05
270,31743,20240317,721,47,6,Quality Issues,33148.06
271,44016,20220212,195,55,1,Customer Changed Mind,39099.98
272,22494,20240721,612,63,1,Quality Issues,32763.13
273,19704,20230129,487,169,1,Damaged in Transit,23951.29
274,2324,20241229,202,245,1,Customer Changed Mind,39952.45
275,17837,20241124,374,99,1,Quality Issues,1426.4
276,48601,20240123,538,228,2,Wrong Item Delivered,47794.02
277,12159,20221118,886,37,1,Size Issue,92060.89
278,11769,20240620,346,143,1,Size Issue,49238.21
279,22934,20240914,416,144,2,Quality Issues,19825.82
280,20199,20241114,153,284,1,Quality Issues,71338.86
281,31654,20221213,356,284,1,Customer Changed Mind,71862.2
282,3668,20221113,412,477,2,Defective Product,29459.53
283,24469,20231202,379,48,4,Wrong Item Delivered,372105.17
284,1330,20221102,952,158,2,Damaged in Transit,125027.64
285,36427,20240330,74,413,1,Customer Changed Mind,18915.26
286,25041,20241029,48,372,3,Wrong Item Delivered,166483.39
287,40812,20221215,599,175,1,Defective Product,85736.43
288,21766,20241107,137,199,1,Size Issue,88108.89
289,36067,20231012,257,236,2,Wrong Item Delivered,140904.49
290,7195,20231209,203,240,2,Size Issue,100873.43
291,6120,20231202,93,317,1,Defective Product,72947.02
292,12474,20241108,789,56,1,Defective Product,50282.12
293,3840,20230930,840,235,6,Damaged in Transit,436376.34
294,10939,20241114,491,8,3,Customer Changed Mind,225287.26
295,9899,20231010,491,464,4,Defective Product,149919.13
296,45059,20240420,640,471,2,Defective Product,94710.76
297,38813,20231127,783,134,2,Damaged in Transit,45018.8
298,20492,20220118,500,69,2,Customer Changed Mind,139743.03
299,34745,20231113,384,500,1,Wrong Item Delivered,18010.28
300,43679,20240113,411,280,2,Damaged in Transit,155849.45
301,18305,20220525,703,319,1,Defective Product,11622.2
302,24277,20240506,285,474,1,Defective Product,86220.76
303,6721,20241106,302,295,2,Size Issue,83935.66
304,13100,20230119,291,414,1,Damaged in Transit,69589.36
305,23593,20240330,200,209,3,Quality Issues,49682.32
306,6072,20231225,263,154,1,Defective Product,21175.73
307,36758,20221121,640,105,1,Damaged in Transit,100193.52
308,11669,20240224,952,236,2,Customer Changed Mind,129770.51
309,49426,20240109,716,288,1,Customer Changed Mind,41696.65
310,19107,20220125,964,63,1,Quality Issues,33806.29
311,14489,20230205,877,270,6,Customer Changed Mind,35042.81
312,34397,20241208,349,360,2,Size Issue,150529.46
313,10920,20231121,388,328,4,Wrong Item Delivered,296969.38
314,38820,20240609,407,191,3,Wrong Item Delivered,171107.41
315,15570,20230723,53,144,2,Size Issue,19864.96
316,16617,20230105,307,387,1,Quality Issues,67338.27
317,3499,20220113,597,477,3,Wrong Item Delivered,42820.55
318,43383,20240124,875,120,2,Size Issue,94248.83
319,25099,20221205,561,413,2,Quality Issues,36927.16
320,12265,20240106,48,413,2,Damaged in Transit,37628.17
321,9192,20230909,157,269,4,Size Issue,269826.66
322,44954,20230517,828,58,1,Quality Issues,92476.29
323,49144,20241228,637,272,3,Size Issue,241311.53
324,33725,20241026,186,227,1,Defective Product,59936.4
325,30929,20220514,157,52,4,Damaged in Transit,231952.14
326,29799,20231118,700,367,1,Customer Changed Mind,7973.02
327,30732,20221211,32,487,1,Size Issue,27255.44
328,32621,20221105,874,154,1,Damaged in Transit,20822.09
329,27353,20221028,114,299,6,Defective Product,445160.45
330,38545,20230116,186,230,1,Damaged in Transit,58584.86
331,46470,20230708,347,444,1,Wrong Item Delivered,64425.89
332,31848,20240721,904,407,1,Size Issue,55748.45
333,11056,20240928,690,169,1,Customer Changed Mind,25867.98
334,35532,20240623,417,469,2,Size Issue,93168.39
335,16980,20231223,14,267,6,Damaged in Transit,211352.21
336,25376,20240515,596,500,1,Quality Issues,17979.85
337,14763,20230610,579,330,6,Quality Issues,212345.61
338,37899,20241219,905,422,2,Damaged in Transit,21362.51
339,29600,20240428,462,129,1,Wrong Item Delivered,68256.78
340,47944,20221008,806,496,1,Defective Product,85353.82
341,42408,20240707,751,269,1,Wrong Item Delivered,71826.76
342,24064,20221203,301,187,1,Quality Issues,89709.35
343,35640,20230603,248,266,2,Wrong Item Delivered,150772.7
344,16321,20230123,856,403,1,Customer Changed Mind,60815.25
345,35174,20220131,587,115,3,Defective Product,157113.23
346,22240,20230124,845,230,8,Defective Product,538003.09
347,47394,20240120,988,122,1,Defective Product,22045.71
348,12217,20220510,433,293,2,Damaged in Transit,113169.15
349,14189,20241130,491,204,2,Wrong Item Delivered,20525.9
350,28458,20240211,468,82,3,Quality Issues,142700.99
351,17127,20230226,557,419,2,Size Issue,147387.85
352,26485,20241219,695,490,7,Size Issue,641176.06
353,13478,20240105,1,297,2,Quality Issues,96157.18
354,8673,20230903,608,439,1,Defective Product,66178.48
355,39759,20230530,531,6,2,Customer Changed Mind,116785.96
356,43925,20230107,514,209,1,Size Issue,16760.03
357,29245,20240827,332,171,1,Damaged in Transit,14510.42
358,40814,20230325,814,305,1,Defective Product,55042.85
359,3402,20221015,741,297,1,Size Issue,51958.91
360,1604,20231031,376,91,2,Size Issue,49837.89
361,27272,20231210,824,197,1,Quality Issues,87755.33
362,49223,20231201,755,212,1,Wrong Item Delivered,8993.16
363,13268,20230427,545,330,3,Customer Changed Mind,106566.95
364,28601,20220424,77,83,1,Defective Product,62357.37
365,41353,20240106,984,485,2,Wrong Item Delivered,62284.85
366,23840,20231118,415,267,1,Customer Changed Mind,38686.89
367,13257,20221014,267,53,2,Quality Issues,193089.66
368,26464,20240127,37,230,2,Quality Issues,133923.67
369,8676,20231006,541,96,1,Defective Product,51551.58
370,46052,20221116,754,410,2,Customer Changed Mind,138384.37
371,29004,20240218,595,228,1,Customer Changed Mind,26551.03
372,8497,20231019,169,226,1,Size Issue,4976.02
373,35295,20231205,250,422,1,Size Issue,11320.71
374,34194,20241220,77,204,4,Customer Changed Mind,42938.63
375,24825,20240928,129,290,2,Damaged in Transit,35730.06
376,1248,20240127,165,154,2,Size Issue,48462.41
377,39225,20230708,539,21,2,Wrong Item Delivered,21752.37
378,13918,20231031,752,23,6,Customer Changed Mind,364727.58
379,2313,20221029,381,442,2,Size Issue,182075.41
380,37709,20220410,894,285,1,Defective Product,34621.06
381,19768,20220227,648,215,1,Damaged in Transit,73232.35
382,47816,20221115,551,75,1,Quality Issues,31985.4
383,48418,20220125,927,357,1,Quality Issues,14824.77
384,33338,20231010,60,242,1,Wrong Item Delivered,75388.38
385,10025,20241201,967,8,4,Defective Product,311743.57
386,43744,20231216,772,34,1,Damaged in Transit,48257.39
387,42973,20240302,735,271,2,Damaged in Transit,79399.66
388,3042,20231202,26,83,4,Defective Product,255483.56
389,36537,20241006,577,104,1,Defective Product,13240.63
390,42224,20241027,585,323,1,Damaged in Transit,65561.21
391,33843,20240625,825,456,1,Wrong Item Delivered,47523.61
392,17948,20220125,508,99,1,Quality Issues,1519.25
393,5268,20241109,97,235,1,Size Issue,70790.44
394,20214,20230927,252,465,1,Defective Product,50771.65
395,167,20240514,3,154,4,Defective Product,94347.14
396,22156,20241107,687,262,1,Customer Changed Mind,67303.4
397,42682,20231015,475,221,1,Customer Changed Mind,3311.57
398,13082,20240130,756,280,4,Size Issue,306691.21
399,25298,20230422,202,409,2,Damaged in Transit,109317.21
400,49393,20220101,862,377,1,Defective Product,63493.14
401,11817,20241004,256,247,1,Damaged in Transit,67147.07
402,13102,20230106,442,310,1,Defective Product,60362.96
403,25535,20241123,435,204,2,Defective Product,19209.39
404,47277,20220924,188,127,3,Customer Changed Mind,22329.53
405,13570,20241004,435,223,2,Damaged in Transit,65872.39
406,17754,20241127,647,224,1,Quality Issues,63780.89
407,25422,20240125,718,209,4,Damaged in Transit,69147.54
408,25122,20240513,174,240,4,Wrong Item Delivered,194339.72
409,18161,20241227,420,494,1,Customer Changed Mind,30992.98
410,28826,20231129,755,257,1,Customer Changed Mind,10542.33
411,24345,20221010,605,23,3,Customer Changed Mind,184941.54
412,46567,20221101,759,197,2,Wrong Item Delivered,162601.29
413,45648,20220304,696,86,2,Damaged in Transit,36311.49
414,20435,20240708,476,256,1,Wrong Item Delivered,54252.81
415,38355,20241208,535,88,1,Customer Changed Mind,68563.13
416,2649,20221221,655,8,1,Customer Changed Mind,74456.18
417,14160,20231129,56,226,1,Defective Product,4352.92
418,36701,20230507,395,289,1,Size Issue,28850.98
419,9227,20240713,149,73,5,Damaged in Transit,130583.46
420,9637,20220610,215,393,6,Size Issue,181621.97
421,6731,20241226,155,437,1,Customer Changed Mind,44851.98
422,4000,20230730,912,485,4,Quality Issues,130566.53
423,6394,20220318,825,211,2,Wrong Item Delivered,172776.53
424,21328,20220824,9,482,1,Customer Changed Mind,40285.6
425,46097,20230930,588,234,1,Customer Changed Mind,25079.09
426,16793,20231203,298,11,2,Damaged in Transit,131334.08
427,21413,20241013,397,73,3,Size Issue,70855.64
428,338,20231010,291,177,1,Wrong Item Delivered,53132.98
429,9148,20220828,710,127,1,Damaged in Transit,8112.69
430,23687,20241018,15,139,1,Customer Changed Mind,91402.78
431,543,20241017,125,264,1,Quality Issues,68055.82
432,31336,20221025,281,458,1,Defective Product,31528.01
433,12874,20240818,124,410,2,Customer Changed Mind,142823.33
434,31152,20231214,109,211,1,Quality Issues,99202.05
435,14514,20221013,707,257,1,Customer Changed Mind,9809.12
436,47872,20220105,257,186,6,Wrong Item Delivered,90512.84
437,27605,20221002,292,242,1,Defective Product,75218.5
438,14901,20231118,609,192,1,Wrong Item Delivered,12231.52
439,47454,20221204,885,205,1,Customer Changed Mind,43240.36
440,18250,20230311,742,134,2,Defective Product,48227.93
441,25832,20220922,822,148,1,Quality Issues,45034.37
442,7905,20241103,809,249,1,Damaged in Transit,18465.3
443,10839,20220115,489,271,1,Damaged in Transit,36197.97
444,41838,20240323,515,91,1,Defective Product,23801.31
445,36592,20240922,282,53,1,Customer Changed Mind,88867.1
446,41761,20240131,10,61,6,Wrong Item Delivered,180469.4
447,21426,20220329,517,104,1,Size Issue,14443.41
448,42301,20220102,238,34,1,Size Issue,52650.38
449,15338,20230624,565,485,2,Customer Changed Mind,63723.72
450,34922,20220130,704,396,2,Damaged in Transit,119051.79
451,42374,20230119,574,372,3,Damaged in Transit,181194.67
452,33980,20241222,175,209,6,Size Issue,103691.99
453,26325,20240919,489,117,4,Customer Changed Mind,15040.93
454,16207,20220105,309,313,2,Wrong Item Delivered,113258.36
455,30946,20230128,936,436,1,Quality Issues,34080.09
456,20109,20220130,799,105,1,Damaged in Transit,97390.16
457,13766,20221115,166,460,1,Damaged in Transit,16989.58
458,33789,20231204,830,176,3,Damaged in Transit,14537.21
459,14004,20240629,133,179,1,Defective Product,57285.57
460,13913,20220122,419,2,1,Wrong Item Delivered,86901.62
461,15222,20240223,249,391,1,Damaged in Transit,24756.67
462,25842,20221112,731,235,3,Customer Changed Mind,223051.2
463,4819,20231010,194,2,2,Damaged in Transit,167999.86
464,43417,20240104,602,315,1,Customer Changed Mind,37056.96
465,28855,20241026,152,69,3,Quality Issues,215191.76
466,25778,20240124,691,373,1,Wrong Item Delivered,38353.71
467,9979,20230804,772,85,2,Damaged in Transit,55782.18
468,26553,20240130,242,428,1,Quality Issues,79934.13
469,849,20231222,408,458,1,Customer Changed Mind,31437.01
470,32529,20231213,680,277,1,Wrong Item Delivered,73466.16
471,46886,20220501,568,285,1,Wrong Item Delivered,35523.07
472,18661,20221104,795,230,1,Quality Issues,58636.44
473,11189,20221202,932,359,1,Wrong Item Delivered,31096.54
474,24605,20240112,287,143,1,Wrong Item Delivered,48302.45
475,41982,20230917,175,220,1,Wrong Item Delivered,39687.64
476,18320,20240114,160,435,1,Quality Issues,65257.31
477,18516,20220602,291,385,1,Wrong Item Delivered,1388.78
478,16785,20241113,576,66,1,Size Issue,40610.1
479,9297,20231212,837,127,6,Defective Product,42470.59
480,4998,20231109,929,242,2,Size Issue,151183.92
481,12022,20230114,101,144,1,Wrong Item Delivered,9256.44
482,42849,20231104,4,292,2,Damaged in Transit,146920.59
483,42382,20220501,13,212,1,Size Issue,9040.51
484,26427,20221224,79,147,2,Customer Changed Mind,93842.55
485,42302,20240204,290,269,2,Damaged in Transit,151720.5
486,29481,20231107,263,209,1,Damaged in Transit,16221.11
487,42638,20231209,414,63,1,Defective Product,33644.56
488,23981,20231002,344,115,2,Damaged in Transit,105039.48
489,42918,20241026,29,407,1,Defective Product,58111.31
490,41504,20231027,124,191,1,Defective Product,54769.44
491,27198,20240116,71,259,1,Quality Issues,23306.26
492,31351,20230108,879,467,1,Quality Issues,83203.86
493,40575,20230414,926,43,1,Size Issue,5274.18
494,26911,20240530,211,406,1,Wrong Item Delivered,43950.84
495,31808,20221118,107,450,3,Customer Changed Mind,3236.19
496,27625,20240519,12,483,2,Size Issue,163993.45
497,47909,20241101,800,105,2,Size Issue,185669.96
498,37009,20241208,168,218,3,Defective Product,52655.49
499,31676,20240706,157,428,1,Wrong Item Delivered,80933.55
500,40541,20241221,873,429,3,Quality Issues,128789.51
501,10634,20221105,863,2,1,Defective Product,77067.14
502,13156,20220227,538,134,3,Quality Issues,73411.44
503,44496,20230329,102,47,2,Defective Product,10571.1
504,5076,20240328,247,460,1,Customer Changed Mind,16527.12
505,22991,20230612,148,401,4,Quality Issues,258498.88
506,40542,20220723,667,354,1,Damaged in Transit,5393.8
507,26283,20230620,642,245,2,Size Issue,96815.03
508,7850,20240521,935,150,1,Size Issue,14930.01
509,9543,20220119,108,29,1,Wrong Item Delivered,73081.26
510,29677,20230129,187,293,1,Defective Product,52329.61
511,9773,20221108,931,181,1,Customer Changed Mind,73765.9
512,27999,20221223,247,263,1,Wrong Item Delivered,61763.6
513,34670,20241219,764,54,1,Customer Changed Mind,13727.09
514,49625,20241209,853,319,3,Damaged in Transit,35386.17
515,45776,20231216,745,56,1,Quality Issues,50644.29
516,27614,20241116,401,55,1,Customer Changed Mind,39772.35
517,42438,20231210,786,96,1,Damaged in Transit,49995.12
518,40211,20221203,96,323,1,Size Issue,64214.04
519,17897,20221028,460,256,3,Wrong Item Delivered,175469.11
520,39300,20241108,938,362,3,Damaged in Transit,159812.65
521,25711,20230930,247,112,1,Customer Changed Mind,80685.08
522,28207,20230101,297,105,1,Customer Changed Mind,84387.38
523,36025,20230709,80,180,4,Size Issue,266769.95
524,10573,20240913,732,284,1,Quality Issues,72071.73
525,25163,20230917,675,467,2,Wrong Item Delivered,164903.88
526,30232,20230122,818,300,2,Wrong Item Delivered,133978.11
527,40170,20240714,54,477,1,Damaged in Transit,14613.16
528,8562,20240125,918,19,2,Size Issue,120741.82
529,5371,20220215,744,185,1,Size Issue,61255.3
530,2604,20231126,601,323,1,Wrong Item Delivered,67823.69
531,2819,20221225,797,373,1,Quality Issues,39429.24
532,13837,20230129,855,430,4,Quality Issues,184113.21
533,21345,20221228,823,119,1,Damaged in Transit,64445.28
534,34176,20240907,973,73,1,Quality Issues,28919.26
535,16149,20231013,812,306,2,Customer Changed Mind,58448.4
536,46649,20231219,209,389,2,Quality Issues,7898.95
537,17093,20241002,911,47,2,Customer Changed Mind,11206.31
538,30011,20230422,967,403,3,Damaged in Transit,170817.97
539,8456,20220118,46,249,1,Quality Issues,19009.47
540,16390,20230128,561,134,3,Damaged in Transit,75875.85
541,33818,20220731,776,436,1,Damaged in Transit,32219.58
542,30541,20221205,360,55,1,Size Issue,41959.65
543,24302,20231018,210,338,1,Size Issue,53790.04
544,24914,20240222,348,273,1,Defective Product,14989.75
545,9150,20241204,339,256,2,Damaged in Transit,112401.36
546,2586,20220102,797,54,1,Size Issue,13620.47
547,15104,20221008,438,254,2,Customer Changed Mind,168029.02
548,37144,20240109,48,186,4,Customer Changed Mind,59264.74
549,7021,20230109,864,365,2,Customer Changed Mind,158364.12
550,39153,20240101,579,189,4,Defective Product,275485.5
551,22833,20240421,96,157,1,Defective Product,8072.51
552,48012,20221227,498,328,3,Damaged in Transit,215723.99
553,16100,20230212,142,242,3,Damaged in Transit,216515.47
554,48774,20221123,902,211,1,Size Issue,93955.47
555,45647,20231208,974,298,1,Wrong Item Delivered,49506.39
556,14215,20221125,146,242,5,Damaged in Transit,380736.03
557,10915,20220505,356,464,5,Wrong Item Delivered,182664.84
558,24135,20221007,783,69,3,Wrong Item Delivered,201589.17
559,11331,20241121,721,153,2,Quality Issues,8950.39
560,36548,20221218,809,112,1,Defective Product,78213.08
561,1965,20231125,227,372,6,Damaged in Transit,318801.94
562,5499,20230118,23,82,2,Quality Issues,96624.86
563,19664,20231118,564,325,1,Damaged in Transit,72506.48
564,30535,20221022,543,230,2,Wrong Item Delivered,125668.23
565,3418,20220109,368,154,2,Defective Product,44093.73
566,42763,20230327,306,61,2,Customer Changed Mind,59549.2
567,16253,20240901,804,296,2,Defective Product,162126.12
568,46423,20231211,305,474,2,Quality Issues,171838.32
569,15479,20241027,864,144,1,Damaged in Transit,9865.27
570,18518,20221210,547,317,1,Damaged in Transit,70646.74
571,8611,20240125,434,456,1,Wrong Item Delivered,45894.46
572,10714,20220912,618,162,1,Damaged in Transit,51584.67
573,39510,20220526,34,492,2,Quality Issues,72258.53
574,8244,20231210,464,445,1,Defective Product,42648.0
575,5730,20220826,378,247,1,Damaged in Transit,69017.85
576,9910,20230304,767,10,2,Size Issue,148763.68
577,2321,20240410,456,61,2,Customer Changed Mind,57913.49
578,7769,20231009,712,75,1,Defective Product,31454.04
579,41663,20241111,399,231,1,Wrong Item Delivered,87205.82
580,21277,20240323,877,333,1,Wrong Item Delivered,47099.87
581,42099,20221009,764,74,1,Wrong Item Delivered,90866.4
582,848,20240608,998,24,2,Quality Issues,146245.37
583,789,20240113,652,214,1,Quality Issues,67915.85
584,29323,20230313,778,425,1,Defective Product,79978.24
585,12057,20221106,450,177,1,Size Issue,51059.21
586,45024,20241117,919,428,1,Defective Product,81760.98
587,16156,20240224,962,482,1,Damaged in Transit,40855.07
588,39609,20220611,756,334,1,Defective Product,61159.12
589,29423,20240714,768,267,5,Defective Product,184678.37
590,25423,20241104,918,146,1,Customer Changed Mind,46457.44
591,49718,20231224,719,23,3,Damaged in Transit,180625.87
592,2123,20230819,519,393,1,Customer Changed Mind,27368.8
593,314,20220205,58,497,1,Wrong Item Delivered,16376.43
594,22699,20241215,61,133,1,Damaged in Transit,9277.31
595,12510,20220205,549,134,2,Wrong Item Delivered,50592.49
596,12788,20221010,757,191,2,Defective Product,108860.12
597,20431,20231016,783,270,6,Quality Issues,34200.58
598,45964,20221120,945,9,2,Customer Changed Mind,164127.38
599,25958,20230708,121,492,1,Defective Product,29400.01
600,6047,20230805,79,236,2,Damaged in Transit,116970.93
601,17489,20241121,726,231,1,Customer Changed Mind,93912.16
602,24676,20220105,325,215,1,Quality Issues,70997.8
603,17153,20240730,168,420,2,Wrong Item Delivered,119374.25
604,1223,20231216,177,460,1,Defective Product,16624.46
605,30613,20220813,244,101,1,Quality Issues,37192.85
606,5093,20240905,699,191,5,Wrong Item Delivered,252364.6
607,26998,20220417,283,268,1,Defective Product,80811.9
608,26986,20240421,9,134,4,Quality Issues,93254.76
609,7035,20220703,555,213,3,Wrong Item Delivered,92706.67
610,38435,20220403,687,488,1,Wrong Item Delivered,79719.91
611,12925,20240427,716,162,1,Size Issue,53016.73
612,12180,20240518,840,343,1,Size Issue,83177.5
613,4342,20241221,355,247,1,Wrong Item Delivered,62699.61
614,5945,20240130,397,2,1,Customer Changed Mind,86300.33
615,1166,20221022,816,115,1,Damaged in Transit,51794.09
616,43672,20240121,231,120,1,Quality Issues,51824.66
617,22881,20221110,538,497,2,Damaged in Transit,29231.51
618,32906,20240115,875,500,2,Damaged in Transit,35119.03
619,26771,20231005,575,450,1,Defective Product,959.68
620,48952,20220514,397,69,1,Size Issue,63931.48
621,34659,20240110,984,74,1,Quality Issues,79351.8
622,25543,20230507,185,16,2,Size Issue,81249.86
623,28179,20240616,151,481,7,Damaged in Transit,493239.35
624,38108,20220501,494,144,1,Wrong Item Delivered,9921.85
625,39512,20240504,856,370,2,Damaged in Transit,172418.06
626,22510,20230115,194,260,1,Damaged in Transit,74761.69
627,22135,20241205,48,447,1,Customer Changed Mind,29474.78
628,11462,20220115,580,50,1,Customer Changed Mind,67343.26
629,40315,20231206,121,357,1,Customer Changed Mind,15007.11
630,36620,20231229,653,250,2,Damaged in Transit,1762.02
631,44944,20240217,983,83,1,Quality Issues,66943.52
632,29953,20240909,759,355,2,Customer Changed Mind,147672.46
633,28124,20240112,514,333,2,Damaged in Transit,83927.92
634,18406,20240816,332,350,1,Defective Product,36483.73
635,11732,20230923,513,91,2,Customer Changed Mind,48989.4
636,31613,20241021,806,63,1,Damaged in Transit,37038.53
637,40887,20240727,537,142,1,Wrong Item Delivered,69995.84
638,16520,20221209,122,133,2,Wrong Item Delivered,17756.52
639,18412,20231011,883,96,1,Customer Changed Mind,50609.15
640,21221,20240404,322,186,1,Wrong Item Delivered,15803.74
641,46614,20230428,378,192,6,Quality Issues,78194.85
642,40636,20231003,478,366,2,Size Issue,177061.6
643,48180,20241029,971,63,1,Damaged in Transit,37228.29
644,45399,20241021,674,222,2,Quality Issues,31341.31
645,35695,20221202,725,355,2,Defective Product,168997.43
646,28991,20240416,277,481,6,Quality Issues,481158.0
647,43313,20231102,218,242,1,Defective Product,78113.62
648,15752,20220902,92,96,1,Wrong Item Delivered,51354.86
649,36582,20240601,758,127,6,Quality Issues,44765.62
650,34152,20241218,984,423,1,Quality Issues,8806.17
651,18339,20221029,570,134,3,Quality Issues,74309.92
652,38862,20220109,932,191,2,Damaged in Transit,91957.25
653,20708,20220813,832,74,2,Quality Issues,162347.54
654,22268,20240902,128,370,1,Size Issue,86761.24
655,42127,20220213,663,394,1,Damaged in Transit,2078.11
656,36490,20230309,879,18,1,Customer Changed Mind,85002.33
657,37587,20241109,242,409,1,Damaged in Transit,51152.85
658,3582,20240115,655,160,2,Customer Changed Mind,107582.63
659,5309,20230728,801,236,2,Quality Issues,137903.15
660,45219,20231004,871,81,2,Damaged in Transit,142719.26
661,44302,20240317,141,83,3,Defective Product,202921.82
662,2153,20220429,440,161,1,Customer Changed Mind,2465.43
663,30413,20220521,71,313,1,Quality Issues,58461.0
664,5147,20231213,444,20,1,Size Issue,59422.16
665,45117,20241104,589,45,1,Size Issue,76030.32
666,20343,20220604,749,48,4,Damaged in Transit,352104.57
667,13603,20241121,307,167,3,Damaged in Transit,69623.82
668,2346,20231210,542,186,5,Quality Issues,81466.82
669,39141,20220109,797,215,2,Wrong Item Delivered,146137.52
670,43534,20240330,911,73,2,Customer Changed Mind,58071.42
671,27759,20240917,407,362,1,Quality Issues,47198.1
672,46691,20231121,463,218,4,Quality Issues,73573.23
673,10940,20220129,196,406,1,Defective Product,43390.63
674,21359,20240411,183,232,1,Customer Changed Mind,76503.83
675,26140,20221205,393,423,2,Wrong Item Delivered,17360.08
676,9348,20230904,348,460,1,Defective Product,15474.58
677,32453,20240925,490,186,1,Damaged in Transit,15441.24
678,7569,20221217,756,16,2,Defective Product,82173.13
679,10757,20241013,907,372,5,Customer Changed Mind,292226.26
680,10992,20240203,320,182,1,Quality Issues,82739.93
681,40470,20230125,700,477,3,Size Issue,43920.85
682,42648,20231225,775,169,1,Wrong Item Delivered,22967.19
683,47891,20231015,236,436,1,Customer Changed Mind,34135.49
684,44829,20231011,7,21,2,Wrong Item Delivered,21859.13
685,46119,20230819,209,379,1,Customer Changed Mind,2780.55
686,40797,20221018,21,393,3,Defective Product,85769.86
687,2746,20241020,663,280,1,Defective Product,66497.07
688,47357,20220313,303,461,1,Damaged in Transit,53273.15
689,35404,20220622,534,447,2,Wrong Item Delivered,64118.88
690,4667,20230728,318,12,1,Customer Changed Mind,28139.19
691,6189,20240319,810,436,1,Defective Product,34337.04
692,45504,20231227,9,315,1,Size Issue,37760.26
693,30861,20231217,825,353,1,Damaged in Transit,5904.92
694,7343,20220828,284,494,1,Damaged in Transit,31347.0
695,19920,20231225,362,424,1,Defective Product,37412.31
696,11220,20231208,382,82,2,Defective Product,100290.89
697,14089,20230808,173,431,1,Wrong Item Delivered,31418.08
698,45203,20230527,955,485,2,Size Issue,65062.43
699,28746,20220912,122,6,1,Quality Issues,59500.85
700,17655,20240615,582,99,1,Damaged in Transit,1513.87
701,19476,20241016,147,80,1,Damaged in Transit,27860.36
702,11049,20240811,37,498,1,Defective Product,35605.53
703,46060,20221026,178,245,3,Size Issue,128599.55
704,3149,20230104,391,186,4,Wrong Item Delivered,60583.42
705,29215,20221212,581,259,2,Wrong Item Delivered,48964.19
706,19036,20240128,610,218,5,Damaged in Transit,84297.24
707,365,20240713,163,326,1,Quality Issues,79258.01
708,38078,20220501,52,299,2,Customer Changed Mind,151360.04
709,42384,20231226,260,409,1,Wrong Item Delivered,54324.29
710,3135,20230317,826,80,1,Wrong Item Delivered,29253.2
711,6208,20220424,643,149,1,Quality Issues,66243.91
712,11850,20240413,293,500,1,Customer Changed Mind,17264.57
713,28816,20220311,942,227,2,Customer Changed Mind,118416.93
714,12556,20221225,548,140,2,Defective Product,20872.17
715,22426,20230205,212,226,2,Size Issue,9545.19
716,48399,20240330,532,313,2,Damaged in Transit,120571.59
717,21582,20221211,654,228,1,Size Issue,22830.34
718,28675,20231105,168,426,1,Defective Product,70677.09
719,31363,20231026,146,89,1,Wrong Item Delivered,74647.64
720,34903,20231023,729,134,6,Defective Product,145750.89
721,11373,20241202,156,420,1,Quality Issues,61856.88
722,36235,20220625,786,191,3,Customer Changed Mind,137930.85
723,12063,20240414,881,36,2,Quality Issues,31509.61
724,45071,20240225,470,435,1,Damaged in Transit,67559.57
725,40101,20240116,933,474,3,Wrong Item Delivered,250406.59
726,44830,20220615,957,55,1,Damaged in Transit,41218.93
727,41638,20240116,279,196,2,Wrong Item Delivered,138911.75
728,41243,20230304,134,96,1,Damaged in Transit,54636.57
729,18571,20240810,589,362,1,Customer Changed Mind,44329.13
730,3330,20231008,727,35,1,Quality Issues,38949.69
731,19233,20231206,42,154,1,Defective Product,22258.93
732,10541,20220809,476,155,1,Wrong Item Delivered,81657.43
733,20354,20221113,64,148,1,Quality Issues,39047.52
734,22288,20220516,687,20,1,Wrong Item Delivered,57157.58
735,15349,20231202,752,421,4,Damaged in Transit,143243.78
736,40566,20221220,100,61,7,Customer Changed Mind,199838.93
737,8294,20221201,910,436,1,Quality Issues,33603.43
738,242,20231130,169,59,1,Wrong Item Delivered,35995.58
739,29404,20221008,913,313,1,Damaged in Transit,54517.21
740,27405,20231029,1,295,1,Customer Changed Mind,40047.78
741,32579,20240803,258,386,1,Wrong Item Delivered,71974.1
742,25382,20230131,237,313,3,Customer Changed Mind,189485.23
743,41174,20240904,857,218,3,Quality Issues,54507.81
744,25415,20241001,696,301,2,Customer Changed Mind,21115.01
745,18701,20231218,211,168,1,Customer Changed Mind,77848.58
746,28741,20221007,879,268,1,Size Issue,76292.99
747,31868,20240707,719,494,1,Quality Issues,30622.49
748,31977,20231028,254,85,1,Quality Issues,27680.69
749,33698,20240124,97,293,1,Defective Product,57252.67
750,9023,20240127,986,327,1,Quality Issues,46888.1
751,22656,20240115,85,334,2,Defective Product,141796.65
752,23187,20230604,583,55,1,Defective Product,39463.21
753,21786,20220101,537,398,2,Damaged in Transit,84776.72
754,49086,20220116,122,86,1,Defective Product,19021.31
755,47379,20240722,134,380,1,Wrong Item Delivered,60633.39
756,14537,20241011,576,204,1,Wrong Item Delivered,10845.57
757,38662,20230416,839,421,1,Wrong Item Delivered,35952.78
758,3939,20221119,248,291,1,Defective Product,39370.12
759,39810,20230108,229,385,1,Quality Issues,1445.75
760,48882,20230610,790,154,5,Size Issue,124413.04
761,41311,20220721,294,185,5,Customer Changed Mind,310647.32
762,24078,20221009,829,86,1,Defective Product,18825.52
763,16873,20221127,894,314,1,Wrong Item Delivered,40907.33
764,43865,20240915,278,7,1,Quality Issues,67757.76
765,14355,20221113,307,178,1,Size Issue,55515.92
766,27089,20241005,444,490,2,Wrong Item Delivered,164270.11
767,22826,20240609,395,319,4,Quality Issues,44427.86
768,19102,20231014,292,227,1,Size Issue,60294.51
769,31214,20240503,783,182,1,Damaged in Transit,95608.81
770,45087,20240714,542,118,1,Damaged in Transit,37692.65
771,41030,20230928,663,154,8,Defective Product,195772.47
772,24102,20221006,626,99,1,Damaged in Transit,1462.84
773,43028,20221230,7,467,2,Customer Changed Mind,169977.18
774,38830,20221230,745,386,1,Customer Changed Mind,72105.32
775,11253,20231203,192,175,1,Size Issue,85107.21
776,13109,20241226,675,86,1,Quality Issues,18145.19
777,37052,20240929,765,284,1,Quality Issues,69391.88
778,28375,20220123,699,235,2,Damaged in Transit,142408.73
779,8020,20220102,63,488,1,Defective Product,83038.27
780,4577,20241215,431,82,5,Wrong Item Delivered,235921.32
781,30981,20230903,983,230,1,Damaged in Transit,72183.54
782,27313,20220321,997,199,1,Defective Product,94163.81
783,33606,20240430,713,247,1,Damaged in Transit,69245.45
784,2861,20230723,805,467,1,Wrong Item Delivered,83759.86
785,24596,20241207,94,192,2,Quality Issues,26047.31
786,3919,20220508,879,316,2,Damaged in Transit,15587.05
787,22246,20220102,521,82,1,Defective Product,48855.7
788,31645,20240405,573,117,1,Size Issue,3628.07
789,7401,20240427,403,69,2,Defective Product,155951.37
790,39002,20220122,257,265,1,Quality Issues,55515.23
791,31054,20220317,33,46,1,Damaged in Transit,30180.47
792,45372,20240218,798,86,1,Wrong Item Delivered,16361.81
793,38020,20221007,161,445,4,Customer Changed Mind,191609.45
794,24200,20241201,900,270,4,Size Issue,25162.02
795,48717,20230114,489,360,1,Size Issue,71684.95
796,25475,20220702,944,55,2,Customer Changed Mind,80150.15
797,33461,20231024,574,392,1,Quality Issues,23395.24
798,45973,20230513,270,260,1,Wrong Item Delivered,77771.34
799,43609,20221231,623,11,4,Customer Changed Mind,303946.14
800,14519,20241026,798,221,3,Defective Product,8681.84
801,45751,20231016,588,153,1,Customer Changed Mind,4534.4
802,25803,20221204,900,419,1,Defective Product,75514.63
803,28561,20231011,585,109,2,Quality Issues,69315.24
804,45655,20231124,113,91,1,Quality Issues,24585.24
805,32775,20220626,804,239,1,Quality Issues,41948.3
806,1079,20230527,543,433,2,Damaged in Transit,12097.16
807,1480,20221011,986,46,2,Defective Product,58725.83
808,42300,20220821,821,271,1,Damaged in Transit,38148.65
809,16842,20220309,259,20,2,Wrong Item Delivered,122485.26
810,24706,20221211,637,47,6,Wrong Item Delivered,33614.89
811,25893,20231114,978,21,2,Damaged in Transit,22264.16
812,38063,20220717,859,91,1,Quality Issues,25226.73
813,27654,20221002,243,69,2,Defective Product,127893.74
814,15250,20240720,527,292,3,Defective Product,228321.12
815,35794,20220519,15,209,3,Wrong Item Delivered,52073.21
816,36951,20221226,371,247,1,Damaged in Transit,66323.14
817,31229,20230212,899,406,2,Damaged in Transit,82447.51
818,3320,20231023,250,114,1,Customer Changed Mind,37721.37
819,31150,20231021,877,499,3,Defective Product,66118.25
820,40063,20220313,754,127,3,Quality Issues,25354.08
821,6275,20220225,524,158,1,Wrong Item Delivered,61461.52
822,13244,20220925,350,181,1,Defective Product,75769.6
823,28459,20231006,284,241,3,Customer Changed Mind,226194.53
824,37779,20220925,96,336,2,Size Issue,80131.69
825,42054,20220326,802,82,4,Quality Issues,213312.05
826,9032,20241012,872,204,1,Wrong Item Delivered,10930.88
827,12047,20241121,272,376,1,Damaged in Transit,62003.35
828,37286,20221125,424,272,2,Defective Product,152171.36
829,6574,20221029,762,28,1,Wrong Item Delivered,75326.85
830,42351,20230715,427,73,1,Damaged in Transit,28556.21
831,38060,20240511,881,69,2,Wrong Item Delivered,136972.55
832,31120,20241201,542,367,2,Wrong Item Delivered,15833.59
833,15254,20241110,341,427,1,Wrong Item Delivered,18729.83
834,268,20240301,585,11,1,Customer Changed Mind,74096.07
835,13889,20241013,488,445,5,Wrong Item Delivered,212735.42
836,46603,20230227,564,61,6,Wrong Item Delivered,179992.67
837,32407,20220321,243,154,2,Quality Issues,48752.08
838,4271,20220206,258,249,2,Customer Changed Mind,36250.96
839,25374,20220423,212,20,1,Quality Issues,56942.31
840,36261,20230107,27,381,2,Size Issue,83349.29
841,41316,20220904,742,490,6,Wrong Item Delivered,482704.06
842,40635,20220604,313,477,1,Wrong Item Delivered,14575.23
843,10482,20231129,759,313,1,Size Issue,58512.76
844,2961,20240511,347,272,2,Wrong Item Delivered,167673.69
845,39687,20230916,192,474,2,Damaged in Transit,161699.7
846,6578,20220320,229,282,2,Quality Issues,64055.08
847,10024,20221109,448,454,2,Damaged in Transit,89993.34
848,17338,20221003,465,419,2,Quality Issues,148789.86
849,10880,20240823,1000,175,1,Defective Product,74632.68
850,47647,20240102,421,418,1,Size Issue,50379.03
851,22060,20231129,755,281,1,Defective Product,81403.41
852,7879,20220626,702,366,1,Quality Issues,88274.42
853,10074,20240529,795,481,1,Defective Product,70158.41
854,8089,20230515,454,282,1,Wrong Item Delivered,32901.93
855,9024,20221001,916,313,2,Customer Changed Mind,119638.01
856,2038,20231005,432,83,2,Size Issue,129297.82
857,37652,20240416,958,356,4,Damaged in Transit,167610.05
858,40002,20240131,12,483,2,Damaged in Transit,160723.72
859,597,20221126,561,71,2,Customer Changed Mind,58913.01
860,15407,20241216,886,393,2,Size Issue,55101.95
861,12568,20231005,915,235,1,Defective Product,70506.38
862,10966,20220423,406,82,5,Defective Product,243239.09
863,12269,20241116,911,40,2,Quality Issues,61772.56
864,36883,20240116,65,344,1,Customer Changed Mind,86664.74
865,21866,20221211,818,490,2,Wrong Item Delivered,158486.58
866,31573,20241221,976,323,2,Damaged in Transit,116934.16
867,40370,20240921,221,269,6,Quality Issues,387606.61
868,32202,20230304,971,232,1,Quality Issues,74149.64
869,11225,20240805,3,11,3,Defective Product,196815.51
870,14248,20240613,386,233,2,Damaged in Transit,4261.23
871,47490,20220824,695,292,1,Customer Changed Mind,74510.24
872,19541,20240131,784,477,3,Wrong Item Delivered,42930.15
873,6023,20220102,529,440,2,Customer Changed Mind,13474.91
874,34507,20231219,965,97,1,Size Issue,46177.33
875,30696,20241206,799,259,1,Damaged in Transit,23742.3
876,47636,20241115,535,362,2,Wrong Item Delivered,87931.93
877,43044,20230429,177,218,1,Defective Product,16774.01
878,31748,20220116,944,396,1,Customer Changed Mind,58154.3
879,9884,20230816,519,235,4,Customer Changed Mind,283224.65
880,8760,20240214,989,75,1,Quality Issues,30637.15
881,20501,20240711,506,464,5,Customer Changed Mind,185322.15
882,22771,20240302,418,235,4,Wrong Item Delivered,284705.78
883,47579,20241023,273,438,2,Quality Issues,44528.21
884,39963,20241213,904,269,1,Damaged in Transit,64716.99
885,44908,20230301,811,3,1,Wrong Item Delivered,46080.41
886,20978,20241001,504,105,1,Damaged in Transit,95946.38
887,31539,20240526,46,134,1,Damaged in Transit,25608.32
888,27006,20220911,846,308,1,Damaged in Transit,67894.38
889,38679,20231021,598,196,1,Quality Issues,76045.39
890,47207,20230224,988,353,1,Defective Product,5882.09
891,8338,20241124,205,192,1,Customer Changed Mind,12940.18
892,20523,20240710,50,422,1,Damaged in Transit,10788.7
893,10318,20241215,904,227,2,Defective Product,132300.36
894,20981,20221014,895,423,2,Defective Product,17331.73
895,7060,20240407,816,405,1,Size Issue,41861.52
896,43264,20231127,917,500,1,Damaged in Transit,16618.16
897,49549,20221009,137,373,2,Quality Issues,81195.83
898,13961,20230430,567,120,1,Defective Product,46480.16
899,45753,20240405,727,492,1,Size Issue,33596.39
900,38529,20231003,698,372,4,Wrong Item Delivered,233857.02
901,32204,20221231,857,112,1,Wrong Item Delivered,71581.95
902,13383,20240308,383,96,1,Wrong Item Delivered,50863.0
903,47018,20240925,275,151,1,Size Issue,57471.73
904,31317,20230112,254,413,1,Size Issue,18114.83
905,35478,20221204,875,59,1,Quality Issues,39319.52
906,28787,20241208,894,496,1,Customer Changed Mind,80532.97
907,37775,20220118,414,492,1,Damaged in Transit,33971.24
908,25025,20231209,717,330,3,Quality Issues,103288.55
909,47746,20231027,570,209,3,Size Issue,53010.37
910,4363,20231211,96,127,6,Customer Changed Mind,51200.54
911,10421,20221030,321,372,4,Damaged in Transit,231884.8
912,40160,20240115,859,82,1,Damaged in Transit,47457.57
913,21700,20240928,627,87,1,Wrong Item Delivered,39951.99
914,33124,20241126,27,8,1,Customer Changed Mind,71714.73
915,24392,20221120,320,336,2,Customer Changed Mind,82554.6
916,47094,20221231,970,336,1,Quality Issues,40915.36
917,42785,20240607,476,459,1,Quality Issues,74059.82
918,1402,20241101,338,230,3,Damaged in Transit,196235.35
919,12341,20221208,907,396,1,Quality Issues,60866.24
920,47497,20240225,143,428,2,Wrong Item Delivered,154259.63
921,46885,20240528,383,401,4,Damaged in Transit,234884.28
922,21899,20221006,728,163,1,Wrong Item Delivered,8270.31
923,27661,20230923,575,409,1,Wrong Item Delivered,54103.32
924,55,20240513,671,203,1,Wrong Item Delivered,6381.29
925,5334,20231221,717,382,1,Damaged in Transit,26934.99
926,16790,20241119,268,323,2,Defective Product,132224.51
927,49907,20230715,917,175,1,Wrong Item Delivered,76350.26
928,37436,20231220,158,301,1,Defective Product,10752.13
929,42238,20230125,818,61,3,Damaged in Transit,86959.57
930,47921,20230708,280,269,5,Quality Issues,384232.11
931,14584,20241001,79,134,4,Customer Changed Mind,90621.54
932,13996,20241216,270,127,5,Customer Changed Mind,43879.06
933,24455,20220522,955,148,1,Size Issue,45384.18
934,33562,20241123,166,247,2,Wrong Item Delivered,141259.66
935,4074,20231216,430,205,1,Size Issue,44264.57
936,34929,20241218,896,464,1,Defective Product,37885.2
937,19575,20221211,804,415,2,Defective Product,86677.81
938,12294,20220118,469,499,1,Damaged in Transit,20596.78
939,13064,20220325,837,71,2,Size Issue,58405.03
940,1824,20221012,488,193,1,Size Issue,28243.45
941,37282,20230115,882,47,1,Damaged in Transit,5607.51
942,32128,20240820,201,200,1,Damaged in Transit,60883.87
943,27763,20221027,984,363,4,Size Issue,251614.23
944,46116,20221122,114,393,5,Customer Changed Mind,141867.86
945,46269,20231203,566,330,2,Damaged in Transit,68754.71
946,34143,20230721,303,403,4,Wrong Item Delivered,234354.47
947,7575,20241110,915,204,6,Size Issue,62285.26
948,49717,20240407,373,28,1,Wrong Item Delivered,78328.41
949,33025,20231007,26,179,1,Damaged in Transit,61378.49
